pga_g,annual_rate,annual_prob,prob_50yr,return_period_yr
0.001,0.47586318371331554,0.47586318371331554,0.9999999999535739,2.1014443525482975
0.0011513953993264468,0.428667329025669,0.428667329025669,0.9999999995084052,2.3328113254465426
0.0013257113655901094,0.38530762530757456,0.38530762530757456,0.9999999957031398,2.595328860158796
0.0015264179671752333,0.34550396686451396,0.34550396686451396,0.9999999685604236,2.8943227745693014
0.0017575106248547913,0.3090273726973854,0.3090273726973854,0.9999998052148411,3.2359592979462324
0.0020235896477251575,0.27566842142026105,0.27566842142026105,0.9999989673900938,3.6275464373029638
0.002329951810515372,0.24522340969352782,0.24522340969352782,0.999995268037254,4.077914099839682
0.0026826957952797246,0.21749105437149122,0.21749105437149122,0.999981066026665,4.597890257554797
0.0030888435964774815,0.19227453520901247,0.19227453520901247,0.9999331946078888,5.200896722558438
0.0035564803062231283,0.16938537159990072,0.16938537159990072,0.9997901816874357,5.9036975303987
0.004094915062380427,0.14864703314465588,0.14864703314465588,0.9994082058228304,6.727345839636435
0.004714866363457394,0.1298973118006917,0.1298973118006917,0.9984888216829313,7.698388720579167
0.005428675439323859,0.11298928829834542,0.11298928829834542,0.9964805987909826,8.850396485014798
0.006250551925273976,0.09779115617964129,0.09779115617964129,0.992475250884095,10.225873576573845
0.0071968567300115215,0.0841852458290382,0.0841852458290382,0.9851426753282885,11.878566014177602
0.008286427728546842,0.07206644558226424,0.07206644558226424,0.9727669039586239,13.876083271770279
0.009540954763499945,0.06134003578027567,0.06134003578027567,0.9534394558712773,16.30256629751685
0.010985411419875584,0.05191889549590947,0.05191889549590947,0.9254246141639221,19.260810355235442
0.012648552168552958,0.043720168179345334,0.043720168179345334,0.8876356327314985,22.87273909601356
0.014563484775012436,0.03666171693356266,0.03666171693356266,0.8400806809200219,27.276409389450365
0.016768329368110083,0.030658921740075337,0.030658921740075337,0.7841013268185253,32.61693312236958
0.019306977288832496,0.02562243451625941,0.02562243451625941,0.7222744063062496,39.028297618066816
0.022229964825261943,0.021457355167090453,0.021457355167090453,0.6579737390125737,46.604066168123026
0.025595479226995357,0.018063967434306084,0.018063967434306084,0.594728623855908,55.35882433561387
0.029470517025518096,0.015339798091706358,0.015339798091706358,0.5355911184633328,65.1899062830991
0.03393221771895328,0.013182474364680102,0.013182474364680102,0.4826955596129323,75.85829278601194
0.03906939937054617,0.01149274705,0.01149274705,0.43709103067309885,87.01139907190422
0.044984326689694466,0.01017713932992697,0.01017713932992697,0.39881764219143034,98.2594388837139
0.0517947467923121,0.009149918416114787,0.009149918416114787,0.3671335893931541,109.29059195094084
0.05963623316594643,0.00833436899186522,0.00833436899186522,0.3407935063248657,119.9850883703436
0.06866488450043001,0.007663569356966188,0.007663569356966188,0.3183087715376066,130.48749915612098
0.07906043210907697,0.007080959356628206,0.007080959356628206,0.2981586992572475,141.22380169629693
0.09102981779915217,0.006540922282314849,0.006540922282314849,0.27894950834589416,152.88363885682762
0.10481131341546852,0.006009417149767769,0.006009417149767769,0.2595305170157034,166.40548909783115
0.1206792640639329,0.005464474513132054,0.005464474513132054,0.23907746930858087,183.00021302996865
0.13894954943731375,0.004896207418974988,0.004896207418974988,0.21714702416554033,204.2397134003257
0.15998587196060574,0.004305969506289602,0.004305969506289602,0.19369925660985976,232.2357365836729
0.18420699693267165,0.003704442159594134,0.003704442159594134,0.1690802905428046,269.94617729692453
0.21209508879201905,0.00310871069121122,0.00310871069121122,0.1439577397093118,321.67676549224933
0.244205309454865,0.002538697593591077,0.002538697593591077,0.11920897187637092,393.90276436409465
0.28117686979742307,0.0020135424210869523,0.0020135424210869523,0.09577505904658878,496.6371651907781
0.32374575428176433,0.0015485669262085893,0.0015485669262085893,0.07450666296689268,645.7583350616528
0.3727593720314938,0.0011533218447733666,0.0011533218447733666,0.05603490791007737,867.0606600679664
0.42919342601287785,0.0008309325023820637,0.0008309325023820637,0.04069539339280015,1203.4671855214044
0.49417133613238334,0.0005786452035503823,0.0005786452035503823,0.028517729725725527,1728.1746981817514
0.5689866029018293,0.0003892283424149735,0.0003892283424149735,0.01927326628015258,2569.185979097729
0.655128556859551,0.0002527664815049308,0.0002527664815049308,0.012558795844606951,3956.2207538205284
0.7543120063354615,0.00015841112368724638,0.00015841112368724638,0.007889271231792061,6312.688002733419
0.868511373751352,9.57791178397383e-05,9.57791178397383e-05,0.004777507125889091,10440.689187315784
1.0,5.58563034682924e-05,5.58563034682924e-05,0.0027889188931591313,17903.082336403873
