name,latitude,longitude,pga_median_g,pga_mean_g,pga_std_g,pga_p05_g,pga_p16_g,pga_p50_g,pga_p84_g,pga_p95_g,prob_pga_gt_0.1g,prob_pga_gt_0.2g,prob_pga_gt_0.5g
Baluchaung 1,19.648,97.287,0.0668,0.0819,0.0614,0.0244,0.0354,0.0668,0.1236,0.1955,0.251,0.048,0.001
Baluchaung 2,19.557,97.358,0.0551,0.0682,0.0482,0.019,0.0291,0.0551,0.1065,0.1592,0.183,0.028,0.0
Baluchaung 3,19.546,97.397,0.0501,0.062,0.047,0.0181,0.0269,0.0501,0.0914,0.1434,0.133,0.012,0.001
Baluchaung (upper),20.484592,96.781918,0.079,0.0973,0.0708,0.0249,0.0396,0.079,0.1563,0.2338,0.36,0.079,0.003
Bawgata,18.255561,96.848496,0.1179,0.1413,0.0977,0.0384,0.0616,0.1179,0.2182,0.3069,0.603,0.197,0.009
Belin,17.519723,97.243546,0.0618,0.0767,0.0581,0.0206,0.0324,0.0618,0.1179,0.1883,0.223,0.039,0.0
Buywa (upper),20.76609,94.0818,0.0263,0.0336,0.0256,0.0094,0.0136,0.0263,0.053,0.081,0.025,0.001,0.0
Buywa,20.658056,94.150833,0.0334,0.0423,0.0317,0.0109,0.0179,0.0334,0.067,0.0998,0.05,0.005,0.0
Chipwi,25.8905,98.12572,0.0068,0.0085,0.0062,0.0023,0.0035,0.0068,0.0128,0.0199,0.0,0.0,0.0
Chipwi Nge,25.806073,98.184039,0.0064,0.0077,0.005,0.0022,0.0033,0.0064,0.0122,0.0174,0.0,0.0,0.0
Dapein 1,24.421451,97.525448,0.0165,0.0203,0.0138,0.0061,0.009,0.0165,0.0316,0.0475,0.002,0.0,0.0
Dapein 2,24.36827,97.4214,0.0189,0.0238,0.0176,0.0065,0.0102,0.0189,0.0367,0.0547,0.006,0.0,0.0
Deedoke,21.68723,96.404455,0.1251,0.1527,0.1077,0.0447,0.0658,0.1251,0.2297,0.3504,0.649,0.224,0.015
Dum Ban,25.511556,97.907021,0.0091,0.0113,0.0087,0.003,0.0048,0.0091,0.0174,0.0269,0.0,0.0,0.0
Gaw Lan,26.051936,98.580461,0.0054,0.0067,0.0048,0.0018,0.003,0.0054,0.0106,0.0163,0.0,0.0,0.0
Hawkham (upper),19.211667,97.399722,0.0515,0.0643,0.0525,0.0177,0.0274,0.0515,0.0984,0.1547,0.156,0.015,0.001
He Kou,21.341291,100.720928,0.0054,0.0067,0.0047,0.002,0.0028,0.0054,0.0105,0.0158,0.0,0.0,0.0
Hkankawn,26.023865,98.429523,0.0058,0.007,0.005,0.0019,0.0029,0.0058,0.0109,0.0165,0.0,0.0,0.0
Pisa,26.598389,98.34309,0.0043,0.0055,0.0042,0.0016,0.0024,0.0043,0.0083,0.0129,0.0,0.0,0.0
Tamanthi,25.322227,95.296955,0.0172,0.021,0.015,0.0058,0.009,0.0172,0.0318,0.051,0.004,0.0,0.0
Hutgyi,17.528,97.747,0.0328,0.041,0.029,0.011,0.0172,0.0328,0.0642,0.095,0.043,0.001,0.0
Kabaung,18.896717,96.220825,0.3391,0.4205,0.2978,0.1219,0.1756,0.3391,0.6637,1.0041,0.98,0.791,0.271
Keng Tawng,20.598345,98.29305,0.0251,0.0314,0.0224,0.0089,0.0132,0.0251,0.0487,0.0746,0.019,0.0,0.0
Keng Tawng (upper),20.74558,98.184077,0.0302,0.0366,0.0253,0.0111,0.0157,0.0302,0.0571,0.0879,0.03,0.003,0.0
Keng Tong,21.617799,99.500985,0.0106,0.0124,0.0082,0.0037,0.0053,0.0106,0.0191,0.0278,0.0,0.0,0.0
Keng Yang,21.3469,100.5619,0.0062,0.0077,0.0055,0.0023,0.0033,0.0062,0.0118,0.0189,0.0,0.0,0.0
Khaunglanphu,26.849507,98.376808,0.0039,0.0048,0.0034,0.0014,0.002,0.0039,0.0074,0.0117,0.0,0.0,0.0
Kinda,21.160437,96.321037,0.1452,0.1804,0.1314,0.0493,0.0742,0.1452,0.2763,0.4287,0.718,0.33,0.031
Kun Chaung,18.420367,96.363854,0.4448,0.5449,0.4011,0.1585,0.2308,0.4448,0.8273,1.3132,0.99,0.89,0.418
KunLong,23.531667,98.611111,0.0141,0.0172,0.0124,0.0045,0.0072,0.0141,0.0265,0.0412,0.001,0.0,0.0
Kyee Ohn Kyee Wa,20.331,94.416,0.0428,0.0538,0.0405,0.0151,0.0231,0.0428,0.0818,0.1275,0.1,0.014,0.0
Lawngdin,26.043012,98.277743,0.0057,0.007,0.0048,0.0019,0.003,0.0057,0.0107,0.0165,0.0,0.0,0.0
Lemro 1,20.857443,93.350503,0.0169,0.0213,0.017,0.0057,0.0085,0.0169,0.033,0.0498,0.007,0.0,0.0
Laza,26.491779,97.77695,0.0054,0.0069,0.0052,0.0018,0.0028,0.0054,0.0107,0.0169,0.0,0.0,0.0
Lemro 2,20.740347,93.268689,0.0176,0.0222,0.0164,0.0061,0.0092,0.0176,0.0345,0.053,0.005,0.0,0.0
Nam Pawn (lower),19.555,97.408611,0.05,0.0589,0.0402,0.0163,0.0244,0.05,0.0905,0.1319,0.124,0.012,0.0
Mong Ton,20.456389,98.65,0.0168,0.0211,0.0149,0.0061,0.0091,0.0168,0.0329,0.0468,0.003,0.0,0.0
Manipur,22.804356,93.943248,0.0245,0.0287,0.019,0.0084,0.0126,0.0245,0.0442,0.0623,0.011,0.001,0.0
Mantong,22.97469,98.55727,0.0194,0.024,0.0169,0.0066,0.0105,0.0194,0.0382,0.0554,0.006,0.0,0.0
Mone Chaung,20.479942,94.255325,0.0391,0.0475,0.0344,0.0135,0.0202,0.0391,0.0726,0.1087,0.067,0.008,0.0
Mongwa,21.39699,100.325821,0.0071,0.0085,0.0058,0.0023,0.0037,0.0071,0.0131,0.0197,0.0,0.0,0.0
Myitsone,25.715,97.535,0.0102,0.0129,0.0095,0.0036,0.0054,0.0102,0.021,0.0311,0.001,0.0,0.0
Myittha,21.992222,94.036944,0.0333,0.0423,0.0313,0.0111,0.0176,0.0333,0.0677,0.1017,0.056,0.002,0.0
Myogyi,21.46349,96.39144,0.1299,0.1585,0.1105,0.0433,0.0678,0.1299,0.2436,0.3644,0.654,0.26,0.013
Nam Hka,21.733821,98.950044,0.0139,0.0165,0.0107,0.0049,0.0078,0.0139,0.0249,0.0371,0.001,0.0,0.0
Nam Hsim,22.560266,97.124079,0.0559,0.0689,0.0491,0.0201,0.029,0.0559,0.106,0.1707,0.176,0.026,0.0
Nam Lang,22.155565,97.248615,0.05,0.0609,0.0431,0.0172,0.0254,0.05,0.0926,0.1488,0.138,0.012,0.0
Nam Li,25.369858,97.811427,0.0092,0.0116,0.0081,0.0032,0.0048,0.0092,0.0185,0.0269,0.0,0.0,0.0
Nam Lin,20.742516,100.241026,0.0081,0.0102,0.0075,0.0027,0.0042,0.0081,0.0159,0.0245,0.0,0.0,0.0
Nam Paw,23.944341,97.911001,0.0211,0.0254,0.0179,0.0067,0.0112,0.0211,0.0383,0.0573,0.009,0.0,0.0
Nam Pawn (upper),20.062121,97.437368,0.0424,0.0517,0.0372,0.0147,0.023,0.0424,0.0788,0.1186,0.091,0.008,0.0
Nam Tabak I,25.090722,97.713906,0.0111,0.0138,0.0098,0.004,0.0059,0.0111,0.0215,0.0327,0.0,0.0,0.0
Nam Tu,22.720943,97.319365,0.0445,0.0542,0.0387,0.0147,0.0235,0.0445,0.0854,0.1246,0.104,0.007,0.0
Nancho,19.7412,96.450483,0.1516,0.1845,0.1267,0.0499,0.077,0.1516,0.2983,0.4336,0.724,0.325,0.032
Naopha,22.987464,98.499151,0.0177,0.0215,0.0156,0.0057,0.009,0.0177,0.0325,0.0515,0.004,0.0,0.0
Paung Laung (lower),19.785,96.335,0.203,0.255,0.1862,0.067,0.1079,0.203,0.3979,0.5991,0.857,0.512,0.086
Paung Laung (middle),19.86,96.508,0.127,0.1567,0.1119,0.0411,0.0655,0.127,0.2441,0.3746,0.626,0.263,0.018
Paung Laung (upper),19.756,96.598,0.1108,0.1354,0.1003,0.0385,0.0573,0.1108,0.2059,0.3075,0.551,0.173,0.014
Hpak Nam,20.209251,97.456152,0.0451,0.0571,0.041,0.0155,0.0241,0.0451,0.0877,0.1343,0.117,0.012,0.0
Hpi Hseng,20.118443,97.43497,0.0447,0.0549,0.0403,0.0149,0.0224,0.0447,0.0847,0.1329,0.111,0.014,0.0
Phyu Chaung,18.506214,96.351028,0.4836,0.5952,0.44,0.1712,0.2487,0.4836,0.9111,1.4244,0.994,0.913,0.486
Renan,27.525941,98.090192,0.0029,0.0036,0.0028,0.0011,0.0015,0.0029,0.0056,0.0085,0.0,0.0,0.0
Sedawgyi,22.348646,96.326937,0.1501,0.1846,0.1331,0.0506,0.0768,0.1501,0.2921,0.4296,0.721,0.332,0.03
Sedawgyi (upper),22.74764,96.20626,0.1318,0.1624,0.1175,0.0439,0.0687,0.1318,0.2491,0.3985,0.661,0.244,0.021
Shwegyin,17.970227,96.935001,0.1071,0.1276,0.0875,0.0346,0.0539,0.1071,0.197,0.2987,0.535,0.153,0.006
Shweli 1,23.698,97.506,0.026,0.0313,0.0217,0.009,0.0134,0.026,0.0492,0.0717,0.018,0.0,0.0
Shweli 2,23.6531,97.31235,0.0306,0.0373,0.0267,0.0106,0.0159,0.0306,0.0589,0.0863,0.027,0.002,0.0
Shweli 3,23.315,96.769,0.0479,0.0573,0.0385,0.0165,0.0259,0.0479,0.0888,0.1267,0.108,0.01,0.0
Suo Lwe,21.359543,100.176054,0.0076,0.0092,0.0062,0.0027,0.004,0.0076,0.0143,0.02,0.0,0.0,0.0
Taninthayi,12.777,98.94,0.0027,0.0034,0.0026,0.0009,0.0014,0.0027,0.0051,0.0081,0.0,0.0,0.0
Thahtay,18.64,94.381,0.0262,0.0328,0.025,0.0094,0.0143,0.0262,0.0505,0.0775,0.024,0.002,0.0
Thapanzeik,23.305918,95.35833,0.0743,0.0927,0.067,0.0271,0.0402,0.0743,0.1409,0.2106,0.335,0.063,0.003
Thauk Ye Khat 2,18.914102,96.619907,0.1636,0.2023,0.1528,0.0541,0.086,0.1636,0.3171,0.4651,0.766,0.369,0.039
Tongxinqiao,25.963646,98.360249,0.0056,0.007,0.0048,0.0021,0.003,0.0056,0.011,0.0167,0.0,0.0,0.0
Wutsok,26.403585,98.292511,0.0048,0.006,0.0043,0.0017,0.0026,0.0048,0.0095,0.0144,0.0,0.0,0.0
Yenwe,18.085211,96.446152,0.2102,0.2582,0.1805,0.0735,0.1124,0.2102,0.3875,0.6135,0.882,0.527,0.09
Yeywa,21.675196,96.474077,0.1036,0.1293,0.0976,0.0335,0.0525,0.1036,0.1984,0.3352,0.515,0.155,0.011
Yeywa (middle),21.96024,96.87313,0.061,0.0752,0.0527,0.0205,0.0303,0.061,0.123,0.1824,0.24,0.03,0.0
Yeywa (upper),22.254093,97.046741,0.0542,0.0671,0.0506,0.0189,0.0277,0.0542,0.1044,0.1602,0.168,0.029,0.001
Ywathit,19.131059,97.521257,0.0546,0.0662,0.0468,0.0173,0.0276,0.0546,0.1015,0.1602,0.171,0.019,0.0
Zaungtu,17.755818,96.19898,0.1097,0.1341,0.0936,0.037,0.0564,0.1097,0.208,0.335,0.559,0.172,0.006
Zawgyi I,21.3833,96.90147,0.0804,0.1005,0.0721,0.0285,0.0421,0.0804,0.1568,0.2404,0.365,0.096,0.001
Zawgyi II,21.5648,96.8726,0.0779,0.0963,0.0718,0.0263,0.0423,0.0779,0.145,0.2349,0.342,0.074,0.004
Mali,24.98458,97.6135,0.0127,0.0162,0.012,0.0042,0.0066,0.0127,0.0256,0.0375,0.001,0.0,0.0
Nam Tabak II,25.119755,97.650627,0.012,0.0151,0.0111,0.004,0.0062,0.012,0.0239,0.0356,0.0,0.0,0.0
Mong Hsat,20.662222,99.375,0.0108,0.013,0.0091,0.0038,0.0057,0.0108,0.0201,0.0293,0.0,0.0,0.0
Tawog Hka,26.309687,96.52987,0.0103,0.0129,0.0097,0.0036,0.0054,0.0103,0.0193,0.0296,0.001,0.0,0.0
Ta Rung Hka,26.718029,96.46829,0.0082,0.01,0.0073,0.0029,0.0043,0.0082,0.0155,0.0232,0.0,0.0,0.0
Ta Nai Hka,26.294175,96.95008,0.0101,0.0124,0.0088,0.0033,0.0055,0.0101,0.0194,0.0295,0.001,0.0,0.0
Thauk Ye Khat 1,18.938587,96.719624,0.1195,0.1545,0.1239,0.0428,0.0651,0.1195,0.2369,0.3635,0.631,0.23,0.021
Yunzalin,18.29496,97.34081,0.0638,0.0784,0.0528,0.023,0.0348,0.0638,0.1213,0.186,0.246,0.039,0.0
Lam Pha,16.305021,98.348758,0.0138,0.0165,0.0114,0.0047,0.0068,0.0138,0.0255,0.0379,0.001,0.0,0.0
Mi Chaung,21.334187,93.073495,0.017,0.0211,0.0168,0.0061,0.0088,0.017,0.0318,0.0516,0.006,0.0,0.0
U Yu Chaung,24.865948,95.294431,0.0222,0.0277,0.019,0.0081,0.0117,0.0222,0.0441,0.0666,0.008,0.0,0.0
Thein Kun Chaung,11.769949,99.331205,0.0014,0.0017,0.0012,0.0005,0.0007,0.0014,0.0027,0.0041,0.0,0.0,0.0
Tha Gyet Chaung,12.132896,99.227161,0.0018,0.0023,0.0017,0.0006,0.001,0.0018,0.0036,0.0054,0.0,0.0,0.0
Glohong Kra,10.775209,98.858324,0.0011,0.0013,0.0011,0.0004,0.0006,0.0011,0.0021,0.0032,0.0,0.0,0.0
Myet Taw Chaung,15.682011,97.915769,0.0148,0.0184,0.0136,0.0051,0.0076,0.0148,0.0283,0.0449,0.003,0.0,0.0
Mindon,19.37089,94.712866,0.051,0.0615,0.0437,0.0176,0.0262,0.051,0.0975,0.1424,0.146,0.014,0.0
Than Dwe,18.386144,94.493902,0.0322,0.0401,0.0299,0.0111,0.0173,0.0322,0.0598,0.0947,0.042,0.003,0.0
Kyein Ta Li,17.950012,94.576508,0.0291,0.036,0.0258,0.0105,0.0154,0.0291,0.0564,0.0804,0.029,0.002,0.0
Nam Hkok,20.196337,99.34667,0.0115,0.0143,0.0101,0.0039,0.006,0.0115,0.0226,0.0323,0.0,0.0,0.0
Saing Din,20.893779,92.652188,0.0125,0.0154,0.011,0.0039,0.0065,0.0125,0.0237,0.0377,0.0,0.0,0.0
Sar Ra Wa Chaung,12.829406,98.98167,0.0025,0.003,0.0022,0.0008,0.0013,0.0025,0.0046,0.007,0.0,0.0,0.0
Bawbin,18.362836,95.796146,0.1156,0.1384,0.0943,0.0389,0.0577,0.1156,0.2163,0.3199,0.579,0.199,0.011
Bewt Gyi,19.313794,95.528459,0.103,0.1264,0.0923,0.0351,0.0549,0.103,0.1915,0.2804,0.52,0.14,0.01
Gyobyu,17.376582,96.035673,0.0769,0.0947,0.0724,0.0285,0.0432,0.0769,0.1423,0.2196,0.345,0.06,0.002
Hlaing Chaung,21.999294,94.580082,0.052,0.0667,0.049,0.0171,0.026,0.052,0.103,0.1624,0.17,0.023,0.0
Hlaw Ga,16.97279,96.11125,0.0623,0.0759,0.057,0.0232,0.0336,0.0623,0.1101,0.1735,0.215,0.036,0.001
Htanzaloke,22.159941,95.257973,0.1006,0.122,0.0834,0.0359,0.0521,0.1006,0.1879,0.2845,0.506,0.142,0.006
Inya,16.838848,96.135034,0.0518,0.0646,0.045,0.0182,0.0271,0.0518,0.1011,0.1542,0.165,0.015,0.0
Kanggyigone,19.043285,95.308665,0.0836,0.1032,0.0756,0.0285,0.042,0.0836,0.1591,0.2561,0.389,0.094,0.004
Kantin-BeeLin,17.9571,95.887794,0.1075,0.129,0.0857,0.037,0.0583,0.1075,0.1996,0.3162,0.547,0.159,0.005
Kanyin,17.991848,95.072583,0.0513,0.0618,0.0431,0.0176,0.0268,0.0513,0.0938,0.1446,0.134,0.017,0.0
Kaukkwe,22.933678,97.798928,0.032,0.039,0.0297,0.0105,0.0166,0.032,0.0584,0.0952,0.045,0.004,0.0
Khawar,18.450999,95.011249,0.0506,0.0632,0.0494,0.0174,0.0267,0.0506,0.0947,0.1426,0.142,0.025,0.002
Kinmundaung,19.908676,95.693168,0.1294,0.1616,0.1172,0.045,0.0672,0.1294,0.2451,0.403,0.673,0.247,0.023
Kintat,22.666332,95.708602,0.1782,0.2124,0.1523,0.0583,0.0879,0.1782,0.3271,0.4809,0.782,0.427,0.046
Kyauktalone (1),21.107401,95.458244,0.1161,0.1434,0.11,0.0396,0.0597,0.1161,0.2119,0.3471,0.581,0.188,0.018
Kyauktalone (2) - Modulating Dam,21.076999,95.469553,0.1162,0.1442,0.1102,0.0387,0.0611,0.1162,0.218,0.3513,0.582,0.192,0.016
Kyee Ni,20.425297,96.169943,0.3311,0.4038,0.2923,0.1125,0.173,0.3311,0.6053,0.9282,0.968,0.779,0.255
Kyeebin-et,23.08728,95.664076,0.0994,0.1234,0.0891,0.0357,0.0545,0.0994,0.1838,0.3061,0.494,0.142,0.006
Kyeeon Kyeewa,20.331771,94.417348,0.0426,0.0524,0.0371,0.0147,0.0233,0.0426,0.0786,0.1299,0.088,0.01,0.0
Kyin-tha,21.054113,95.65751,0.1526,0.1818,0.1148,0.055,0.081,0.1526,0.2875,0.4106,0.75,0.333,0.017
Laiza,26.1973,97.746971,0.0069,0.0087,0.0062,0.0024,0.0038,0.0069,0.0136,0.0201,0.0,0.0,0.0
Lakin,26.595833,98.406111,0.0042,0.0053,0.0037,0.0016,0.0023,0.0042,0.0081,0.0118,0.0,0.0,0.0
Ledaingzin,20.445332,95.15673,0.0836,0.1029,0.074,0.0289,0.0446,0.0836,0.1567,0.2395,0.382,0.093,0.002
Letpan,22.053801,95.400088,0.1112,0.1422,0.1078,0.0385,0.0567,0.1112,0.2236,0.3437,0.573,0.204,0.018
Linban,23.14541,95.525593,0.1015,0.122,0.0849,0.0342,0.0522,0.1015,0.1872,0.2798,0.509,0.141,0.007
Ma Mya,18.106536,95.081046,0.0532,0.0653,0.0453,0.0182,0.0277,0.0532,0.0993,0.1491,0.158,0.021,0.0
Maday,19.033781,94.868121,0.0461,0.0555,0.0421,0.0158,0.0235,0.0461,0.0828,0.1288,0.097,0.012,0.0
Male-Nattaung,22.593002,96.096806,0.2409,0.2988,0.2135,0.0806,0.1256,0.2409,0.4636,0.6862,0.909,0.61,0.139
Manchaung (Mann),20.096772,94.423262,0.0402,0.05,0.036,0.0133,0.0203,0.0402,0.0807,0.1174,0.081,0.008,0.0
Meikhtila,20.875818,95.865057,0.2427,0.3016,0.2066,0.0893,0.1322,0.2427,0.4717,0.7048,0.923,0.611,0.148
Mēntóu xī,24.835331,97.768566,0.013,0.0166,0.0133,0.0044,0.0067,0.013,0.0255,0.0393,0.002,0.0,0.0
Middle Yeywa,21.938771,96.930558,0.0596,0.0742,0.0536,0.0202,0.0305,0.0596,0.1156,0.1881,0.226,0.043,0.0
Min Hla,18.117447,95.909904,0.1169,0.1486,0.1089,0.0377,0.0604,0.1169,0.2302,0.3691,0.605,0.216,0.017
Mone,20.478481,94.259852,0.0372,0.0467,0.0342,0.0135,0.0203,0.0372,0.0716,0.1074,0.063,0.006,0.0
Mone Yin,23.145283,97.577462,0.0419,0.0511,0.0366,0.015,0.0222,0.0419,0.0781,0.1208,0.085,0.006,0.0
Myaing Chaung,21.615887,94.816231,0.0666,0.0844,0.0603,0.023,0.0355,0.0666,0.1319,0.1996,0.282,0.05,0.0
Myotha,21.672793,95.719008,0.1812,0.2241,0.1548,0.0631,0.0995,0.1812,0.3537,0.5316,0.837,0.446,0.061
Myothit,22.41452,95.214678,0.0969,0.1244,0.1026,0.0351,0.0501,0.0969,0.1947,0.2937,0.481,0.151,0.003
Nagar,20.395229,95.16702,0.0837,0.0983,0.0642,0.0279,0.0432,0.0837,0.1539,0.2153,0.383,0.068,0.001
Namtu,22.857605,97.307334,0.0379,0.0471,0.0328,0.014,0.02,0.0379,0.0743,0.1075,0.068,0.003,0.0
Nankathu,17.850106,95.036264,0.0429,0.0523,0.0344,0.0147,0.0224,0.0429,0.0819,0.1221,0.102,0.003,0.0
Nat Thar Taw,21.800573,95.722506,0.1868,0.2271,0.1599,0.0629,0.0947,0.1868,0.3478,0.533,0.814,0.463,0.062
Natkar,20.684856,95.884964,0.2416,0.3015,0.2228,0.0864,0.1305,0.2416,0.4677,0.7244,0.923,0.601,0.135
Natmouk,20.409266,95.48095,0.1138,0.1382,0.098,0.0388,0.0578,0.1138,0.2095,0.3133,0.58,0.183,0.012
Nga Moe Yeik,17.355585,96.160508,0.0881,0.1086,0.076,0.0284,0.0453,0.0881,0.1708,0.2595,0.418,0.113,0.002
Ngathayauk,21.168644,95.107695,0.086,0.1072,0.0785,0.0292,0.0465,0.086,0.1596,0.2711,0.402,0.1,0.002
Ngwe Thar,21.902657,95.041531,0.0843,0.1031,0.0703,0.0297,0.0454,0.0843,0.1587,0.2481,0.385,0.093,0.0
North Pinle,21.659382,95.5687,0.1465,0.1785,0.1295,0.0492,0.0766,0.1465,0.2729,0.4246,0.714,0.319,0.023
North Yamar (1),22.053354,94.67744,0.0586,0.0736,0.0526,0.0209,0.0319,0.0586,0.1148,0.1707,0.216,0.036,0.0
Nwegway,22.008236,95.303983,0.1051,0.126,0.0878,0.0349,0.0534,0.1051,0.1946,0.2854,0.528,0.152,0.008
Nyaung-gaing,18.797819,95.14163,0.0683,0.0833,0.06,0.0242,0.0351,0.0683,0.1268,0.1966,0.274,0.046,0.002
Nyaunggone,20.789507,95.819567,0.2068,0.2589,0.1763,0.0798,0.1106,0.2068,0.41,0.6154,0.891,0.526,0.093
Pade,19.212315,95.610306,0.1029,0.1289,0.1021,0.0381,0.0554,0.1029,0.1961,0.2858,0.513,0.152,0.007
Palin,20.291535,95.525824,0.1144,0.143,0.1075,0.0386,0.0607,0.1144,0.2249,0.346,0.577,0.212,0.012
Pashe,26.476081,98.289919,0.0048,0.0059,0.0045,0.0017,0.0026,0.0048,0.0087,0.0142,0.0,0.0,0.0
Paunggadaw,21.81169,95.589723,0.1473,0.1822,0.1289,0.049,0.0787,0.1473,0.2825,0.4317,0.729,0.336,0.031
Paunglinn,17.509063,96.095995,0.0902,0.1063,0.0693,0.0301,0.0469,0.0902,0.1676,0.2498,0.427,0.102,0.0
Pegyi,23.013559,95.637255,0.108,0.1343,0.0955,0.038,0.0579,0.108,0.2117,0.3286,0.541,0.17,0.008
Phaunggada,22.021024,95.070568,0.0913,0.1133,0.082,0.0322,0.0477,0.0913,0.1728,0.2811,0.445,0.117,0.003
Phizaw,26.827594,98.385556,0.0037,0.0047,0.0033,0.0013,0.002,0.0037,0.0073,0.0109,0.0,0.0,0.0
Phugyi,17.245914,96.042454,0.0737,0.0895,0.0639,0.0235,0.0379,0.0737,0.1373,0.2079,0.313,0.058,0.001
Pinn Chaung,20.712043,95.300929,0.0944,0.1163,0.0815,0.0326,0.048,0.0944,0.1803,0.279,0.468,0.123,0.003
Popa,20.808545,95.247579,0.0884,0.1083,0.0773,0.029,0.0462,0.0884,0.1673,0.2474,0.42,0.103,0.005
Samon,20.938996,96.136176,0.3207,0.3966,0.3036,0.1124,0.1675,0.3207,0.589,0.9359,0.966,0.758,0.231
Sarlingyi,21.981113,95.066611,0.0866,0.1098,0.0831,0.031,0.047,0.0866,0.1667,0.2751,0.424,0.107,0.005
Sedawgyi,22.348589,96.323053,0.1447,0.1812,0.1297,0.0492,0.0789,0.1447,0.2825,0.4339,0.728,0.313,0.035
Shanma-Nge,20.839191,95.597897,0.1364,0.1688,0.124,0.0461,0.0721,0.1364,0.2578,0.3989,0.681,0.269,0.028
Shwedaung,18.710748,95.252426,0.0748,0.0905,0.0609,0.0249,0.0413,0.0748,0.139,0.2033,0.318,0.054,0.0
Shwezaye,22.33525,94.9989,0.0818,0.0992,0.07,0.0272,0.0421,0.0818,0.1538,0.2352,0.375,0.083,0.001
Sin Chaung,21.496183,95.16705,0.0924,0.115,0.0819,0.0327,0.0498,0.0924,0.1796,0.2694,0.462,0.128,0.005
Sindewa,21.118182,95.305956,0.1034,0.1257,0.0868,0.0351,0.0547,0.1034,0.1935,0.2892,0.514,0.152,0.006
Sinlan,22.074457,96.436115,0.1252,0.1566,0.1104,0.0448,0.0636,0.1252,0.2487,0.3785,0.643,0.246,0.019
South Khayan,22.598882,94.028495,0.0342,0.0435,0.0323,0.0123,0.0177,0.0342,0.0678,0.104,0.052,0.007,0.0
South Nawin (2),18.959728,95.492622,0.0961,0.1178,0.0845,0.0334,0.0509,0.0961,0.1785,0.2686,0.48,0.115,0.007
South Pinle,21.641813,95.549981,0.1472,0.1774,0.1224,0.0509,0.0782,0.1472,0.2815,0.416,0.733,0.298,0.023
South Yamar,21.821946,94.736177,0.0656,0.0815,0.0592,0.0234,0.0333,0.0656,0.1287,0.1926,0.271,0.048,0.0
Sunchaung,20.169512,95.584486,0.1241,0.1488,0.1005,0.0419,0.0667,0.1241,0.231,0.3332,0.64,0.214,0.014
Sunlun,21.417041,95.416244,0.1176,0.1419,0.0981,0.0398,0.0604,0.1176,0.2172,0.3304,0.602,0.185,0.012
Taungnawin,18.922544,95.578598,0.1008,0.1277,0.098,0.036,0.0532,0.1008,0.1985,0.3042,0.505,0.159,0.011
Taungnyo,20.452426,95.969404,0.2978,0.3658,0.2534,0.1033,0.1558,0.2978,0.5803,0.855,0.954,0.736,0.218
Taungtha,21.268241,95.476952,0.1163,0.1448,0.1006,0.0391,0.0624,0.1163,0.2299,0.3529,0.603,0.213,0.014
Thaphan Chaung,20.515519,95.864282,0.2172,0.2686,0.1855,0.077,0.1123,0.2172,0.4292,0.6448,0.882,0.56,0.109
Thapanzeik,23.306586,95.354794,0.0781,0.0973,0.0692,0.026,0.0413,0.0781,0.1507,0.2417,0.354,0.085,0.0
Thazi,22.240321,95.262088,0.0988,0.1201,0.0842,0.0345,0.0507,0.0988,0.187,0.2818,0.491,0.139,0.004
The-gaw,17.816109,95.866928,0.1004,0.1243,0.0894,0.0314,0.0495,0.1004,0.1979,0.2996,0.501,0.158,0.008
Thettaw,20.711113,96.210114,0.2563,0.3039,0.2142,0.09,0.1363,0.2563,0.4544,0.6478,0.925,0.638,0.126
Thinbon,20.971218,95.712494,0.1797,0.2178,0.1572,0.061,0.0889,0.1797,0.3418,0.502,0.808,0.423,0.052
Thirinandar,21.51692,94.932945,0.0761,0.0959,0.0728,0.0267,0.0411,0.0761,0.145,0.2252,0.348,0.068,0.003
Thonze,17.739216,95.951677,0.0951,0.1141,0.0759,0.034,0.0479,0.0951,0.1768,0.2744,0.462,0.116,0.001
Tum Baing,25.48725,97.963157,0.0082,0.0101,0.0071,0.0026,0.0042,0.0082,0.0161,0.0235,0.0,0.0,0.0
Upper Bu,20.803853,94.037043,0.0246,0.0299,0.0214,0.0083,0.0126,0.0246,0.0449,0.0697,0.015,0.0,0.0
Upper Yeywa,22.240208,97.162877,0.0484,0.0598,0.0456,0.0157,0.0237,0.0484,0.0907,0.1457,0.128,0.018,0.001
Wegyi,18.622783,95.609994,0.1082,0.1351,0.0964,0.0395,0.0581,0.1082,0.2129,0.3252,0.564,0.173,0.007
Welaung,21.092847,95.396977,0.1006,0.1279,0.0943,0.036,0.0534,0.1006,0.2045,0.2888,0.507,0.169,0.006
Yanpe,19.790566,95.517982,0.1183,0.1455,0.1097,0.0405,0.061,0.1183,0.2282,0.344,0.594,0.196,0.015
Yazagyo,23.53123,94.09707,0.0305,0.0382,0.0283,0.0105,0.0156,0.0305,0.0602,0.0909,0.035,0.002,0.0
Yenam,27.727616,97.879027,0.0033,0.004,0.003,0.0012,0.0018,0.0033,0.006,0.0091,0.0,0.0,0.0
Yinshe,19.962479,94.572117,0.0476,0.0597,0.0442,0.0175,0.0246,0.0476,0.0925,0.1508,0.133,0.011,0.0
Zawgyi,21.565078,96.873564,0.0797,0.0984,0.0777,0.0269,0.0404,0.0797,0.1491,0.234,0.361,0.082,0.007
Zeedaw,21.28973,95.782275,0.2107,0.2557,0.177,0.0681,0.1077,0.2107,0.3969,0.5968,0.852,0.535,0.079
Dam near 20.81N 95.72E,20.811847,95.720291,0.1623,0.1981,0.1398,0.0551,0.0863,0.1623,0.297,0.48,0.778,0.375,0.038
Dam near 21.37N 95.80E,21.37304,95.798634,0.2235,0.2669,0.1791,0.0707,0.1112,0.2235,0.4204,0.5991,0.87,0.559,0.095
Dam near 21.34N 95.81E,21.340483,95.810878,0.229,0.2798,0.2092,0.0781,0.117,0.229,0.4289,0.6425,0.901,0.571,0.106
Dam near 23.36N 95.66E,23.361809,95.660486,0.072,0.0901,0.0676,0.0252,0.0374,0.072,0.1404,0.2212,0.304,0.06,0.002
Dam near 23.13N 95.58E,23.132152,95.577322,0.0968,0.1229,0.0885,0.0334,0.0507,0.0968,0.1973,0.3116,0.479,0.153,0.004
Dam near 20.11N 95.60E,20.114814,95.601787,0.1248,0.1527,0.1118,0.0402,0.0663,0.1248,0.2357,0.3436,0.637,0.228,0.01
Dam near 20.78N 95.34E,20.775632,95.342022,0.1046,0.1272,0.0958,0.0343,0.0539,0.1046,0.1916,0.2912,0.526,0.141,0.01
Dam near 19.07N 95.44E,19.06693,95.44187,0.0938,0.1125,0.0777,0.0307,0.0493,0.0938,0.1672,0.258,0.462,0.102,0.005
Dam near 20.70N 95.47E,20.704069,95.467041,0.1178,0.1459,0.1036,0.0395,0.061,0.1178,0.2282,0.3327,0.599,0.207,0.018
Dam near 20.47N 96.08E,20.468555,96.075001,0.4921,0.6115,0.4466,0.1698,0.259,0.4921,0.9361,1.4205,0.995,0.918,0.494
Dam near 18.53N 95.72E,18.533566,95.718861,0.1067,0.1312,0.0907,0.0393,0.0564,0.1067,0.2011,0.3119,0.536,0.163,0.008
Dam near 20.60N 95.90E,20.597321,95.89696,0.2562,0.3093,0.2222,0.0827,0.134,0.2562,0.4691,0.7204,0.92,0.635,0.136
Dam near 20.73N 95.83E,20.726713,95.826486,0.2201,0.2582,0.1703,0.0694,0.1102,0.2201,0.4031,0.5916,0.872,0.557,0.091
Dam near 20.72N 95.90E,20.721658,95.903834,0.264,0.3146,0.2094,0.0905,0.1445,0.264,0.4786,0.7121,0.939,0.66,0.142
Dam near 20.85N 96.03E,20.854343,96.02702,0.4714,0.5849,0.3964,0.1691,0.2509,0.4714,0.9176,1.3413,0.994,0.909,0.476
Dam near 21.04N 95.83E,21.038121,95.833504,0.2332,0.2857,0.2158,0.0775,0.1239,0.2332,0.4447,0.6537,0.904,0.579,0.109
Dam near 21.05N 95.83E,21.050036,95.831831,0.2269,0.2846,0.2095,0.0827,0.1258,0.2269,0.43,0.6648,0.897,0.589,0.115
Dam near 21.01N 95.73E,21.013475,95.728497,0.18,0.2202,0.1607,0.0606,0.0917,0.18,0.3387,0.4992,0.799,0.439,0.05
Dam near 21.74N 95.85E,21.739152,95.846709,0.2672,0.3337,0.231,0.0987,0.1447,0.2672,0.5117,0.7783,0.947,0.678,0.173
Dam near 21.77N 95.89E,21.773814,95.892268,0.3245,0.4061,0.299,0.11,0.1667,0.3245,0.6409,0.9781,0.961,0.763,0.259
Dam near 21.47N 95.87E,21.468135,95.8671,0.2864,0.3585,0.2606,0.1045,0.159,0.2864,0.5431,0.8765,0.959,0.703,0.189
Dam near 18.65N 95.25E,18.651777,95.252143,0.0746,0.0938,0.0685,0.026,0.0383,0.0746,0.1458,0.2193,0.352,0.07,0.003
Dam near 20.58N 96.17E,20.583214,96.169439,0.3034,0.3811,0.2866,0.1022,0.1673,0.3034,0.5759,0.8562,0.951,0.757,0.23
Dam near 22.09N 95.86E,22.09474,95.862392,0.3058,0.3725,0.2772,0.1083,0.1607,0.3058,0.5553,0.8927,0.962,0.721,0.197
Dam near 20.77N 95.35E,20.768534,95.35271,0.1023,0.1284,0.0917,0.0357,0.0542,0.1023,0.2028,0.3038,0.512,0.164,0.007
Dam near 20.76N 95.36E,20.762818,95.355246,0.1023,0.1269,0.0867,0.036,0.0536,0.1023,0.2022,0.3078,0.517,0.167,0.003
Dam near 20.74N 95.38E,20.740185,95.383724,0.1066,0.1303,0.0895,0.038,0.0567,0.1066,0.1997,0.3163,0.54,0.159,0.006
Dam near 20.76N 95.39E,20.758838,95.386066,0.1075,0.132,0.0902,0.0359,0.0566,0.1075,0.2111,0.3177,0.538,0.181,0.004
Dam near 20.75N 95.40E,20.751761,95.400055,0.1044,0.129,0.0923,0.0366,0.0555,0.1044,0.1979,0.3119,0.521,0.155,0.005
Dam near 20.72N 95.42E,20.720078,95.424149,0.1047,0.1257,0.086,0.0373,0.0563,0.1047,0.1946,0.2796,0.524,0.15,0.006
Dam near 21.55N 95.54E,21.546729,95.540688,0.1247,0.1564,0.1156,0.0439,0.0662,0.1247,0.2458,0.3768,0.624,0.243,0.016
Dam near 21.51N 95.53E,21.505946,95.534877,0.1392,0.1694,0.1154,0.0491,0.0723,0.1392,0.265,0.3919,0.688,0.293,0.018
Dam near 21.39N 95.52E,21.385758,95.518783,0.127,0.1645,0.1238,0.0463,0.0714,0.127,0.2554,0.4002,0.661,0.264,0.02
Dam near 20.87N 94.37E,20.869511,94.367835,0.0411,0.05,0.0335,0.0136,0.0211,0.0411,0.0787,0.117,0.09,0.003,0.0
Dam near 18.28N 95.86E,18.281025,95.855019,0.1152,0.1417,0.1001,0.0379,0.0615,0.1152,0.2205,0.3384,0.586,0.2,0.01
Dam near 17.62N 96.01E,17.623217,96.014876,0.0957,0.1186,0.0871,0.0328,0.0512,0.0957,0.1875,0.2707,0.478,0.132,0.005
Dam near 17.55N 96.37E,17.548282,96.366141,0.1025,0.1229,0.087,0.0345,0.056,0.1025,0.1837,0.2763,0.519,0.134,0.008
Lower Nam Pawn,19.480045,97.417853,0.0447,0.0569,0.0413,0.0163,0.0244,0.0447,0.0852,0.1365,0.113,0.012,0.0
Mobyè,19.792636,97.097256,0.0854,0.1075,0.0834,0.0283,0.0443,0.0854,0.163,0.2607,0.417,0.096,0.006
Nam Hka,22.056938,98.772066,0.0166,0.02,0.0141,0.0056,0.0082,0.0166,0.0303,0.0464,0.001,0.0,0.0
Ngwedaung,19.555742,97.163331,0.081,0.0985,0.0669,0.03,0.0435,0.081,0.1529,0.2233,0.364,0.075,0.003
Shwenattaung,16.411455,97.657402,0.0287,0.036,0.0268,0.0103,0.0148,0.0287,0.0559,0.0886,0.036,0.002,0.0
Upper Baluchaung 1,20.478991,96.689153,0.0936,0.1147,0.0794,0.0324,0.0485,0.0936,0.1779,0.2698,0.444,0.129,0.003
Upper Haw Kham,19.177977,97.344749,0.0606,0.0755,0.0562,0.0198,0.0294,0.0606,0.1192,0.1861,0.215,0.042,0.0
Upper Nam Pawn,19.995674,97.40098,0.0502,0.062,0.0444,0.0177,0.0262,0.0502,0.0927,0.1427,0.144,0.018,0.0
Upper Salween,23.423472,98.601643,0.0142,0.0178,0.0135,0.0048,0.0071,0.0142,0.027,0.0426,0.003,0.0,0.0
Wanpon,20.938172,97.648021,0.0445,0.0554,0.0428,0.0148,0.0224,0.0445,0.085,0.1314,0.109,0.016,0.0
Weigyi,18.632617,97.359484,0.0606,0.0755,0.0549,0.0217,0.0313,0.0606,0.1165,0.1786,0.22,0.038,0.001
Ywathit,19.777904,97.732943,0.0333,0.0421,0.0311,0.0105,0.017,0.0333,0.0671,0.0985,0.049,0.005,0.0
Baluchaung Dam,19.572117,97.31465,0.0643,0.0802,0.0633,0.023,0.0346,0.0643,0.1245,0.1788,0.252,0.038,0.002
